<?xml version="1.0" encoding="UTF-8" standalone="yes"?>
<products>
    <product id="PO1">
        <description>Spring Guru Mug</description>
        <imageUrl>https://springframework.guru/wp-content/uploads/2017/12/spring_framework_guru_mug-rf412049699c14ba5b68bb1c09182bfa2_8nax2_512.jpg</imageUrl>
        <price>18.949999999999999289457264239899814128875732421875</price>
        <createdBy>
            <email>john@springframework.guru</email>
            <id>10</id>
            <name>John</name>
        </createdBy>
    </product>
    <product id="PO2">
        <description>Spring Guru Shirt</description>
        <imageUrl>https://springframework.guru/wp-content/uploads/2017/12/spring_framework_guru_shirt-rf412049699c14ba5b68bb1c09182bfa2_8nax2_512.jpg</imageUrl>
        <price>20</price>
        <createdBy>
            <email>john@springframework.guru</email>
            <id>10</id>
            <name>John</name>
        </createdBy>
    </product>
</products>
